epoch,train_loss,test_loss,acc1,acc5,unfrozen_neurons,total_params,unfrozen_params,epoch_time
1,2.405733823776245,2.198430061340332,20.719999313354492,74.56999969482422,853,2202570,120759,50.9879412651062
2,2.089982748031616,2.0170791149139404,27.299999237060547,83.98999786376953,853,2202570,120759,51.83552598953247
3,1.9770177602767944,1.8477360010147095,35.77000045776367,86.75999450683594,853,2202570,120759,50.133158445358276
4,1.9032161235809326,1.8508002758026123,32.71999740600586,88.47000122070312,853,2202570,120759,51.17408204078674
5,1.8425118923187256,1.7926684617996216,41.68000030517578,85.05999755859375,853,2202570,120759,49.76786494255066
6,1.7213051319122314,1.5780470371246338,45.21999740600586,91.43999481201172,853,2202570,119718,49.63643503189087
7,1.6281481981277466,1.5122390985488892,47.34000015258789,92.25,853,2202570,119718,50.12570381164551
8,1.5643826723098755,1.49669349193573,47.96999740600586,92.20999908447266,853,2202570,119718,50.8345844745636
9,1.5181362628936768,1.427335500717163,50.20000076293945,92.66999816894531,853,2202570,119718,50.17354226112366
10,1.4723204374313354,1.3862484693527222,51.97999954223633,93.31999969482422,853,2202570,119718,48.95472455024719
11,1.4385699033737183,1.3402694463729858,53.73999786376953,93.66999816894531,853,2202570,115807,49.396515130996704
12,1.381522536277771,1.2935494184494019,56.27000045776367,94.12999725341797,853,2202570,115807,53.24078917503357
13,1.3507518768310547,1.2596980333328247,57.5,94.40999603271484,853,2202570,115807,53.80620002746582
14,1.3253884315490723,1.3296246528625488,54.13999938964844,94.0199966430664,853,2202570,115807,54.1859564781189
15,1.301490306854248,1.238890528678894,58.71999740600586,95.50999450683594,853,2202570,115807,53.23774695396423
16,1.2905006408691406,1.2370803356170654,58.869998931884766,94.3499984741211,853,2202570,108213,53.29003095626831
17,1.2496771812438965,1.189178466796875,61.05999755859375,95.13999938964844,853,2202570,108213,53.20343255996704
18,1.232475996017456,1.1662697792053223,61.64999771118164,95.75999450683594,853,2202570,108213,53.34336185455322
19,1.2180262804031372,1.184144377708435,61.1099967956543,95.44999694824219,853,2202570,108213,53.287575006484985
20,1.2102442979812622,1.1829137802124023,60.71999740600586,95.5,853,2202570,108213,53.22116732597351
21,1.1872901916503906,1.1706632375717163,61.87999725341797,95.83999633789062,6,2202570,149,47.90992307662964
22,1.1883487701416016,1.1486769914627075,63.98999786376953,95.41999816894531,6,2202570,149,47.841299295425415
23,1.1904795169830322,1.1756517887115479,62.869998931884766,95.68000030517578,6,2202570,149,47.954522132873535
24,1.1914010047912598,1.1524749994277954,63.189998626708984,95.57999420166016,6,2202570,149,48.00167465209961
25,1.1985152959823608,1.1416698694229126,64.6199951171875,95.98999786376953,6,2202570,149,47.97142720222473
26,1.2540100812911987,1.1834596395492554,62.12999725341797,95.30999755859375,853,2202570,103664,53.16366243362427
27,1.2183289527893066,1.2302947044372559,60.529998779296875,96.27999877929688,853,2202570,103664,53.84194374084473
28,1.2125521898269653,1.1851876974105835,63.53999710083008,95.47000122070312,853,2202570,103664,53.27104449272156
29,1.2139803171157837,1.2420508861541748,62.439998626708984,94.8499984741211,853,2202570,103664,53.32303237915039
30,1.2158578634262085,1.2073105573654175,62.53999710083008,95.20999908447266,853,2202570,103664,52.745081424713135
31,1.2206629514694214,1.2062995433807373,63.439998626708984,95.30999755859375,853,2202570,103664,48.094834327697754
32,1.2273777723312378,1.2098380327224731,64.77999877929688,95.37999725341797,853,2202570,103664,51.025299072265625
33,1.2324697971343994,1.1986510753631592,65.27999877929688,95.91999816894531,853,2202570,103664,51.012712478637695
34,1.2425599098205566,1.229986310005188,64.91999816894531,95.27999877929688,853,2202570,103664,50.08446168899536
35,1.2558693885803223,1.2420995235443115,64.19999694824219,95.20999908447266,853,2202570,103664,50.09434986114502
36,3.0722618103027344,2.074831485748291,25.489999771118164,78.83999633789062,853,2202570,120759,50.26688003540039
37,2.1427154541015625,2.1396825313568115,25.59000015258789,77.7699966430664,853,2202570,120759,50.658828258514404
38,2.0759823322296143,2.0672688484191895,30.799999237060547,83.8699951171875,853,2202570,120759,50.323535442352295
39,2.063509225845337,1.993243932723999,30.6299991607666,86.72999572753906,853,2202570,120759,51.0517361164093
40,1.9953086376190186,1.9447206258773804,34.16999816894531,89.22000122070312,853,2202570,120759,50.05832862854004
41,1.9699121713638306,1.898966670036316,35.709999084472656,88.2699966430664,853,2202570,115807,49.79961037635803
42,1.9114079475402832,1.875475525856018,38.14999771118164,90.04000091552734,853,2202570,115807,49.79436469078064
43,1.8784452676773071,1.936497449874878,40.119998931884766,90.70999908447266,853,2202570,115807,49.85480308532715
44,1.8607103824615479,1.8297549486160278,43.619998931884766,91.58999633789062,853,2202570,115807,51.2828004360199
45,1.843623399734497,1.8020191192626953,46.75,91.0199966430664,853,2202570,115807,49.550002574920654
46,1.8660444021224976,1.7579180002212524,44.04999923706055,90.86000061035156,853,2202570,116551,49.903353214263916
47,1.7900680303573608,1.7253882884979248,46.55999755859375,91.12999725341797,853,2202570,116551,49.847090005874634
48,1.7589845657348633,1.7362967729568481,46.81999969482422,89.68999481201172,853,2202570,116551,49.868234157562256
49,1.750381588935852,1.7369753122329712,49.57999801635742,89.65999603271484,853,2202570,116551,49.825214862823486
50,1.74048912525177,1.7152268886566162,48.93000030517578,91.47999572753906,853,2202570,116551,49.865787982940674
51,1.7144662141799927,1.7064286470413208,48.04999923706055,92.97999572753906,6,2202570,149,39.04138374328613
52,1.7034828662872314,1.6846215724945068,49.14999771118164,91.98999786376953,6,2202570,149,38.522252321243286
53,1.7013343572616577,1.7149757146835327,48.59000015258789,92.72000122070312,6,2202570,149,41.78366708755493
54,1.7004783153533936,1.6919299364089966,49.28999710083008,92.1199951171875,6,2202570,149,44.31465125083923
55,1.6957430839538574,1.6673471927642822,50.599998474121094,92.50999450683594,6,2202570,149,44.27270698547363
56,1.783142328262329,1.770159363746643,48.22999954223633,90.00999450683594,853,2202570,120759,50.11207103729248
57,1.7556912899017334,1.7068246603012085,50.72999954223633,92.58999633789062,853,2202570,120759,50.73975157737732
58,1.7312418222427368,1.7879687547683716,46.689998626708984,89.93999481201172,853,2202570,120759,49.96650004386902
59,1.7229620218276978,1.7247745990753174,50.15999984741211,91.0199966430664,853,2202570,120759,50.05215406417847
60,1.7168834209442139,1.6930478811264038,52.82999801635742,90.98999786376953,853,2202570,120759,50.52173709869385
61,1.910544514656067,1.8314344882965088,40.5,88.48999786376953,853,2202570,102080,52.05784368515015
62,1.818947672843933,1.7619904279708862,46.52000045776367,89.91999816894531,853,2202570,102080,52.74965858459473
63,1.7758293151855469,1.7898987531661987,45.209999084472656,90.3499984741211,853,2202570,102080,52.737345457077026
64,1.7534832954406738,1.7364747524261475,50.11000061035156,89.97999572753906,853,2202570,102080,52.63047480583191
65,1.7404619455337524,1.7575879096984863,46.5099983215332,89.72999572753906,853,2202570,102080,52.665358543395996
66,1.8003689050674438,1.719811201095581,48.56999969482422,90.72999572753906,853,2202570,114070,53.470513343811035
67,1.7514177560806274,1.7327724695205688,51.06999969482422,89.32999420166016,853,2202570,114070,53.51315498352051
68,1.7394452095031738,1.8016923666000366,45.029998779296875,90.45999908447266,853,2202570,114070,53.51872706413269
69,1.7311760187149048,1.7050039768218994,52.279998779296875,89.93999481201172,853,2202570,114070,53.3322319984436
70,1.722824215888977,1.6967729330062866,51.43000030517578,91.5,853,2202570,114070,53.48882722854614
71,1.8106991052627563,1.7553486824035645,45.7599983215332,91.37999725341797,853,2202570,112320,53.52134156227112
72,1.7473565340042114,1.733591079711914,47.21999740600586,92.2699966430664,853,2202570,112320,53.47003483772278
73,1.7354304790496826,1.7232404947280884,47.62999725341797,91.43999481201172,853,2202570,112320,53.53928065299988
74,1.7313055992126465,1.7057549953460693,49.53999710083008,91.13999938964844,853,2202570,112320,53.615134477615356
75,1.7266925573349,1.707964539527893,49.41999816894531,90.57999420166016,853,2202570,112320,53.634302377700806
76,1.8051344156265259,1.7720105648040771,45.18000030517578,90.5999984741211,853,2202570,114686,53.15292501449585
77,1.7627053260803223,1.7330917119979858,47.869998931884766,91.4000015258789,853,2202570,114686,53.5199077129364
78,1.7534092664718628,1.7320383787155151,48.65999984741211,91.23999786376953,853,2202570,114686,53.5175576210022
79,1.7510654926300049,1.7224351167678833,50.0099983215332,90.68999481201172,853,2202570,114686,53.413822412490845
80,1.7410869598388672,1.7391772270202637,47.11000061035156,91.6199951171875,853,2202570,114686,53.581764221191406
81,1.7921000719070435,1.7559020519256592,42.11000061035156,91.06999969482422,853,2202570,106505,53.6125226020813
82,1.734667420387268,1.7041155099868774,45.66999816894531,89.32999420166016,853,2202570,106505,53.69393730163574
83,1.7143596410751343,1.7044671773910522,48.5,87.20999908447266,853,2202570,106505,53.58210015296936
84,1.7069529294967651,1.9053841829299927,42.72999954223633,84.23999786376953,853,2202570,106505,53.59252691268921
85,1.699268102645874,1.6793699264526367,47.28999710083008,89.52999877929688,853,2202570,106505,53.50833559036255
86,1.7643980979919434,1.715777039527893,45.34000015258789,88.79999542236328,853,2202570,115001,53.241737365722656
87,1.7026638984680176,1.6866298913955688,46.64999771118164,88.6500015258789,853,2202570,115001,53.20493721961975
88,1.697087049484253,1.6659971475601196,48.78999710083008,90.00999450683594,853,2202570,115001,53.24619507789612
89,1.6878026723861694,1.6745141744613647,46.349998474121094,90.90999603271484,853,2202570,115001,53.19987487792969
90,1.685310959815979,1.682187795639038,48.709999084472656,87.70999908447266,853,2202570,115001,53.17172980308533
91,1.803993582725525,1.7318090200424194,45.7599983215332,87.97999572753906,853,2202570,105060,53.28836703300476
92,1.725571870803833,1.688344120979309,46.959999084472656,89.00999450683594,853,2202570,105060,52.28977108001709
93,1.7134792804718018,1.7024236917495728,44.63999938964844,89.98999786376953,853,2202570,105060,50.06902885437012
94,1.7069661617279053,1.8362045288085938,40.599998474121094,86.25999450683594,853,2202570,105060,51.36899948120117
95,1.700350046157837,1.7758110761642456,43.29999923706055,84.45999908447266,853,2202570,105060,53.31473517417908
96,1.8468741178512573,1.712449550628662,43.68000030517578,88.50999450683594,853,2202570,106366,53.6979718208313
97,1.7418694496154785,1.6898226737976074,44.0099983215332,88.65999603271484,853,2202570,106366,53.68992042541504
98,1.7272775173187256,1.683839201927185,43.79999923706055,89.50999450683594,853,2202570,106366,53.67402195930481
99,1.7053358554840088,1.7709629535675049,40.95000076293945,88.7699966430664,853,2202570,106366,53.58380150794983
100,1.7034434080123901,1.677515983581543,43.459999084472656,90.6500015258789,853,2202570,106366,53.67313003540039
101,1.664002537727356,1.6246751546859741,45.89999771118164,89.0,6,2202570,149,47.93554735183716
102,1.6558831930160522,1.6652944087982178,43.62999725341797,89.98999786376953,6,2202570,149,48.158758878707886
103,1.6494042873382568,1.6897464990615845,45.13999938964844,88.66999816894531,6,2202570,149,47.20779538154602
104,1.6424860954284668,1.6491402387619019,44.62999725341797,90.16999816894531,6,2202570,149,44.2682945728302
105,1.6463932991027832,1.6729806661605835,46.25,87.47000122070312,6,2202570,149,43.86106085777283
106,1.6558786630630493,1.6488556861877441,44.5099983215332,90.13999938964844,853,2202570,112320,51.95188331604004
107,1.6348600387573242,1.6455210447311401,46.16999816894531,89.62999725341797,853,2202570,112320,53.55056619644165
108,1.626671552658081,1.5771746635437012,47.84000015258789,90.93999481201172,853,2202570,112320,53.438504457473755
109,1.6208075284957886,1.6057289838790894,46.40999984741211,91.27999877929688,853,2202570,112320,53.676284074783325
110,1.622901201248169,1.710613489151001,43.18000030517578,88.70999908447266,853,2202570,112320,53.47160363197327
111,2.047189712524414,1.7518397569656372,44.09000015258789,87.69999694824219,853,2202570,120759,53.67475962638855
112,1.746095061302185,1.669426679611206,43.189998626708984,87.41999816894531,853,2202570,120759,53.72543811798096
113,1.6933702230453491,1.7233672142028809,43.07999801635742,86.6199951171875,853,2202570,120759,53.71391725540161
114,1.6768685579299927,1.7395362854003906,42.09000015258789,89.0199966430664,853,2202570,120759,53.73587942123413
115,1.6692231893539429,1.6921157836914062,44.61000061035156,86.63999938964844,853,2202570,120759,51.47539949417114
116,1.9548134803771973,1.7860897779464722,37.779998779296875,87.33999633789062,853,2202570,111754,51.392157793045044
117,1.775923252105713,1.7286006212234497,40.13999938964844,87.16999816894531,853,2202570,111754,51.78994703292847
118,1.7256046533584595,1.8164247274398804,38.06999969482422,86.47999572753906,853,2202570,111754,53.65851664543152
119,1.7085613012313843,1.6622644662857056,43.38999938964844,87.93000030517578,853,2202570,111754,53.5817174911499
120,1.6930862665176392,1.646531343460083,45.28999710083008,88.33000183105469,853,2202570,111754,53.61125612258911
121,1.8458762168884277,1.7700916528701782,39.029998779296875,88.3699951171875,853,2202570,103664,53.43580985069275
122,1.759480357170105,1.7991576194763184,37.46999740600586,86.88999938964844,853,2202570,103664,53.407981872558594
123,1.7373511791229248,1.783508062362671,39.5,86.69999694824219,853,2202570,103664,53.30094242095947
124,1.728945255279541,1.7072869539260864,43.599998474121094,88.00999450683594,853,2202570,103664,53.34415936470032
125,1.7190163135528564,1.7349344491958618,41.040000915527344,86.56999969482422,853,2202570,103664,53.28742790222168
126,1.9380111694335938,1.8480955362319946,36.47999954223633,88.1500015258789,853,2202570,115807,52.92127561569214
127,1.8176956176757812,1.7622158527374268,39.47999954223633,88.43999481201172,853,2202570,115807,53.10108923912048
128,1.7909657955169678,1.8003970384597778,39.37999725341797,89.54999542236328,853,2202570,115807,51.683149099349976
129,1.7799162864685059,1.7867693901062012,40.349998474121094,86.98999786376953,853,2202570,115807,49.70802927017212
130,1.76162588596344,1.7436277866363525,40.73999786376953,89.47000122070312,853,2202570,115807,51.125133991241455
131,1.7527430057525635,1.780788540840149,38.18000030517578,85.93999481201172,853,2202570,103664,53.424641370773315
132,1.7417442798614502,1.8024085760116577,39.23999786376953,87.23999786376953,853,2202570,103664,53.43483376502991
133,1.738962173461914,1.8258750438690186,39.21999740600586,89.31999969482422,853,2202570,103664,53.37896490097046
134,1.7374241352081299,1.7637097835540771,40.119998931884766,88.8499984741211,853,2202570,103664,53.400320529937744
135,1.7354083061218262,1.8306227922439575,36.709999084472656,84.8699951171875,853,2202570,103664,53.29003095626831
136,1.7385953664779663,1.7990758419036865,38.91999816894531,88.79000091552734,853,2202570,105060,53.35083842277527
137,1.7333654165267944,1.80247962474823,38.93000030517578,86.20999908447266,853,2202570,105060,53.3641836643219
138,1.7269738912582397,1.762027382850647,39.71999740600586,89.02999877929688,853,2202570,105060,53.70378112792969
139,1.7295467853546143,1.7063437700271606,42.61000061035156,89.40999603271484,853,2202570,105060,53.44209957122803
140,1.731340765953064,1.7843774557113647,40.93000030517578,88.5199966430664,853,2202570,105060,53.46553659439087
141,1.7363696098327637,1.9504847526550293,33.66999816894531,80.62999725341797,853,2202570,105060,53.324007511138916
142,1.7369862794876099,1.731792688369751,44.59000015258789,86.05999755859375,853,2202570,105060,53.38675332069397
143,1.7386187314987183,1.9909032583236694,32.869998931884766,83.37999725341797,853,2202570,105060,53.423436880111694
144,1.7419732809066772,2.1769638061523438,27.599998474121094,72.5199966430664,853,2202570,105060,53.42495107650757
145,1.7466034889221191,1.9358018636703491,34.32999801635742,81.75999450683594,853,2202570,105060,53.3529007434845
146,2.095932960510254,2.1667141914367676,24.850000381469727,72.62999725341797,853,2202570,105194,53.73165678977966
147,1.9206780195236206,1.9003630876541138,36.84000015258789,83.72999572753906,853,2202570,105194,53.80860185623169
148,1.8800640106201172,1.8550207614898682,36.55999755859375,88.43000030517578,853,2202570,105194,53.78804922103882
149,1.8839269876480103,1.920441746711731,34.22999954223633,83.5199966430664,853,2202570,105194,53.705082178115845
150,1.8603065013885498,2.0498712062835693,28.09000015258789,84.19999694824219,853,2202570,105194,53.678033113479614
151,1.8838393688201904,1.7830647230148315,38.96999740600586,88.56999969482422,853,2202570,102080,52.57768630981445
152,1.8059426546096802,1.7288557291030884,42.45000076293945,88.68000030517578,853,2202570,102080,52.477618932724
153,1.7796335220336914,1.7176004648208618,41.849998474121094,89.27999877929688,853,2202570,102080,52.635655641555786
154,1.7703654766082764,1.7041364908218384,42.27000045776367,89.68000030517578,853,2202570,102080,52.60065841674805
155,1.757949948310852,1.7150758504867554,42.06999969482422,89.62999725341797,853,2202570,102080,53.09585452079773
156,1.8540830612182617,1.6862713098526,42.41999816894531,88.08999633789062,853,2202570,99645,53.38632297515869
157,1.7406620979309082,1.6625967025756836,42.16999816894531,89.25,853,2202570,99645,53.31541204452515
158,1.7076021432876587,1.6699111461639404,42.90999984741211,88.98999786376953,853,2202570,99645,53.23558330535889
159,1.6811350584030151,1.6237901449203491,44.59000015258789,89.31999969482422,853,2202570,99645,53.34908938407898
160,1.6722520589828491,1.6355317831039429,43.5,89.68000030517578,853,2202570,99645,53.39933466911316
161,1.6790335178375244,1.6682429313659668,42.45000076293945,89.31999969482422,853,2202570,115001,53.11761403083801
162,1.6452646255493164,1.5712227821350098,46.439998626708984,91.13999938964844,853,2202570,115001,52.993937492370605
163,1.6263837814331055,1.5521278381347656,47.5099983215332,91.02999877929688,853,2202570,115001,53.14163613319397
164,1.6165465116500854,1.53473961353302,48.349998474121094,90.72000122070312,853,2202570,115001,53.27862739562988
165,1.610154151916504,1.5543475151062012,47.55999755859375,90.9000015258789,853,2202570,115001,53.126506090164185
166,1.8948885202407837,1.727041244506836,39.73999786376953,87.58000183105469,853,2202570,108213,53.20090651512146
167,1.7301008701324463,1.6497743129730225,42.89999771118164,89.44999694824219,853,2202570,108213,53.286723375320435
168,1.6851414442062378,1.607928991317749,44.79999923706055,90.32999420166016,853,2202570,108213,53.24719476699829
169,1.6561611890792847,1.565777063369751,46.63999938964844,90.73999786376953,853,2202570,108213,53.304083824157715
170,1.6356974840164185,1.568774700164795,46.52000045776367,90.65999603271484,853,2202570,108213,53.13161754608154
171,1.9027351140975952,1.8542050123214722,33.71999740600586,83.18000030517578,853,2202570,116551,53.24714994430542
172,1.7424919605255127,1.6407103538513184,42.93000030517578,89.29000091552734,853,2202570,116551,53.40922737121582
173,1.679652214050293,1.6445950269699097,42.82999801635742,88.93999481201172,853,2202570,116551,53.44579887390137
174,1.6391115188598633,1.567530632019043,47.599998474121094,89.61000061035156,853,2202570,116551,53.454328536987305
175,1.6160482168197632,1.5332789421081543,50.14999771118164,90.20999908447266,853,2202570,116551,53.565229415893555
176,1.8116952180862427,1.6565769910812378,41.0099983215332,88.06999969482422,853,2202570,104332,53.65035605430603
177,1.6780633926391602,1.60111665725708,43.349998474121094,89.04000091552734,853,2202570,104332,53.81168460845947
178,1.631988525390625,1.5877004861831665,43.07999801635742,89.43000030517578,853,2202570,104332,53.63297724723816
179,1.6021878719329834,1.512100338935852,46.91999816894531,90.04000091552734,853,2202570,104332,53.69021248817444
180,1.5774999856948853,1.5237514972686768,46.13999938964844,90.12999725341797,853,2202570,104332,53.76402735710144
181,1.7205573320388794,1.5636745691299438,44.15999984741211,89.63999938964844,853,2202570,109045,53.41029667854309
182,1.5989947319030762,1.539117455482483,46.0,90.40999603271484,853,2202570,109045,53.48975872993469
183,1.5690590143203735,1.4974980354309082,47.68000030517578,90.91999816894531,853,2202570,109045,53.44333529472351
184,1.5499063730239868,1.5130082368850708,47.779998779296875,89.57999420166016,853,2202570,109045,53.317628622055054
185,1.5356098413467407,1.45100736618042,48.84000015258789,91.47999572753906,853,2202570,109045,53.4444465637207
186,1.5299571752548218,1.4607726335525513,49.959999084472656,90.63999938964844,853,2202570,111754,53.77468490600586
187,1.5039489269256592,1.4606876373291016,49.029998779296875,91.00999450683594,853,2202570,111754,53.58269286155701
188,1.4917112588882446,1.5729336738586426,44.61000061035156,88.97000122070312,853,2202570,111754,53.452627658843994
189,1.4831726551055908,1.4222702980041504,51.869998931884766,90.93000030517578,853,2202570,111754,53.66217756271362
190,1.4758549928665161,1.4562736749649048,48.70000076293945,91.05999755859375,853,2202570,111754,53.53596496582031
191,1.464559555053711,1.3794149160385132,52.53999710083008,92.40999603271484,853,2202570,105194,53.68210697174072
192,1.456580638885498,1.4147422313690186,52.65999984741211,91.00999450683594,853,2202570,105194,53.762375593185425
193,1.4542053937911987,1.3846522569656372,53.48999786376953,92.33999633789062,853,2202570,105194,53.75582528114319
194,1.4458173513412476,1.3976339101791382,51.90999984741211,91.58999633789062,853,2202570,105194,53.80047869682312
195,1.4408659934997559,1.3770580291748047,53.47999954223633,92.68000030517578,853,2202570,105194,53.78604030609131
196,1.438414216041565,1.390712857246399,52.75,91.86000061035156,853,2202570,104332,53.486892223358154
197,1.43278169631958,1.3859339952468872,51.84000015258789,92.29999542236328,853,2202570,104332,53.68611478805542
198,1.4255200624465942,1.3685358762741089,54.22999954223633,91.63999938964844,853,2202570,104332,52.73955011367798
199,1.416934609413147,1.3732852935791016,54.459999084472656,91.73999786376953,853,2202570,104332,50.85113978385925
200,1.4124867916107178,1.376478672027588,54.619998931884766,91.73999786376953,853,2202570,104332,50.18614149093628
201,1.413881540298462,1.340692400932312,55.64999771118164,92.23999786376953,853,2202570,105060,50.34271287918091
202,1.4004793167114258,1.343629240989685,54.28999710083008,92.50999450683594,853,2202570,105060,49.91187644004822
203,1.390669345855713,1.32622492313385,55.63999938964844,93.30999755859375,853,2202570,105060,50.27060151100159
204,1.3843694925308228,1.3720413446426392,53.959999084472656,92.18000030517578,853,2202570,105060,49.89146399497986
205,1.3824959993362427,1.4181736707687378,52.56999969482422,90.8699951171875,853,2202570,105060,50.08683633804321
206,1.4699549674987793,1.3431379795074463,53.529998779296875,92.6199951171875,853,2202570,106505,52.07516098022461
207,1.3680620193481445,1.2709734439849854,55.98999786376953,93.40999603271484,853,2202570,106505,51.632591247558594
208,1.3437228202819824,1.2792754173278809,55.46999740600586,93.55999755859375,853,2202570,106505,50.153058767318726
209,1.3299623727798462,1.2902052402496338,55.90999984741211,93.05999755859375,853,2202570,106505,50.733776569366455
210,1.3217189311981201,1.28742516040802,55.64999771118164,92.94999694824219,853,2202570,106505,50.25990152359009
211,1.5139288902282715,1.3998671770095825,49.5,93.58999633789062,853,2202570,111851,50.62292742729187
212,1.3874657154083252,1.2832461595535278,53.52000045776367,94.06999969482422,853,2202570,111851,50.29898691177368
213,1.3547065258026123,1.256371259689331,54.32999801635742,94.43000030517578,853,2202570,111851,50.14318776130676
214,1.3328218460083008,1.3604596853256226,51.68000030517578,93.95999908447266,853,2202570,111851,50.28058457374573
215,1.31722092628479,1.2198039293289185,56.65999984741211,94.87999725341797,853,2202570,111851,50.286232709884644
216,1.30752432346344,1.3386541604995728,52.23999786376953,93.48999786376953,853,2202570,115001,49.96566724777222
217,1.281517505645752,1.2504161596298218,55.46999740600586,94.6199951171875,853,2202570,115001,49.97225332260132
218,1.2672902345657349,1.2503193616867065,55.57999801635742,94.04000091552734,853,2202570,115001,49.92913746833801
219,1.262468934059143,1.2761985063552856,54.41999816894531,93.73999786376953,853,2202570,115001,49.9357852935791
220,1.2516484260559082,1.1752957105636597,57.79999923706055,95.15999603271484,853,2202570,115001,49.83400058746338
221,1.245993971824646,1.244601845741272,54.939998626708984,94.61000061035156,853,2202570,105060,50.022077798843384
222,1.233086109161377,1.148655891418457,59.37999725341797,95.27999877929688,853,2202570,105060,50.63982081413269
223,1.2251427173614502,1.1766221523284912,58.09000015258789,95.38999938964844,853,2202570,105060,49.863354444503784
224,1.2223846912384033,1.161353349685669,58.39999771118164,95.3699951171875,853,2202570,105060,49.95045876502991
225,1.218637228012085,1.1539822816848755,58.75,95.3699951171875,853,2202570,105060,50.00239419937134
226,1.6465994119644165,1.4329001903533936,47.90999984741211,92.36000061035156,853,2202570,119718,49.86015486717224
227,1.4426014423370361,1.3252400159835815,52.36000061035156,93.54000091552734,853,2202570,119718,49.825688123703
228,1.3803935050964355,1.285232663154602,53.25,94.29999542236328,853,2202570,119718,49.81291222572327
229,1.3457287549972534,1.2732399702072144,53.94999694824219,94.38999938964844,853,2202570,119718,49.813050985336304
230,1.3242493867874146,1.2403818368911743,55.59000015258789,94.15999603271484,853,2202570,119718,50.52385950088501
231,1.3604068756103516,1.2497895956039429,54.96999740600586,94.3699951171875,853,2202570,106366,51.03979969024658
232,1.298323392868042,1.2595221996307373,55.029998779296875,94.13999938964844,853,2202570,106366,51.21383500099182
233,1.2751874923706055,1.2479736804962158,55.14999771118164,94.62999725341797,853,2202570,106366,50.352433919906616
234,1.2632306814193726,1.2159605026245117,56.14999771118164,94.72000122070312,853,2202570,106366,49.94364261627197
235,1.2545942068099976,1.2212342023849487,56.04999923706055,94.3699951171875,853,2202570,106366,49.92557406425476
236,1.2441658973693848,1.2089210748672485,56.53999710083008,94.72000122070312,853,2202570,102080,49.9895703792572
237,1.2217460870742798,1.1648509502410889,57.80999755859375,95.27999877929688,853,2202570,102080,49.26987648010254
238,1.2200145721435547,1.3222317695617676,53.82999801635742,93.9000015258789,853,2202570,102080,49.22135353088379
239,1.2097313404083252,1.1673654317855835,57.939998626708984,95.45999908447266,853,2202570,102080,51.21919798851013
240,1.197806715965271,1.1434472799301147,58.82999801635742,95.90999603271484,853,2202570,102080,50.26630711555481
241,1.2071155309677124,1.1415408849716187,59.209999084472656,95.6500015258789,853,2202570,106505,50.46411156654358
242,1.1882227659225464,1.1550979614257812,58.07999801635742,95.79999542236328,853,2202570,106505,50.32077598571777
243,1.1878050565719604,1.1325143575668335,59.41999816894531,95.54000091552734,853,2202570,106505,50.990336894989014
244,1.1784285306930542,1.1314748525619507,59.279998779296875,95.66999816894531,853,2202570,106505,50.82726192474365
245,1.176525354385376,1.1390987634658813,59.32999801635742,95.56999969482422,853,2202570,106505,50.68661832809448
246,1.289198875427246,1.195737600326538,57.939998626708984,95.57999420166016,853,2202570,120759,50.630613565444946
247,1.1947351694107056,1.1523022651672363,58.869998931884766,95.27999877929688,853,2202570,120759,51.0621874332428
248,1.1624473333358765,1.152021884918213,58.46999740600586,95.8699951171875,853,2202570,120759,50.742324113845825
249,1.1561365127563477,1.1823078393936157,57.57999801635742,96.05999755859375,853,2202570,120759,50.86921691894531
250,1.1400059461593628,1.099324345588684,60.349998474121094,96.22000122070312,853,2202570,120759,50.199551820755005
251,1.1321678161621094,1.0456781387329102,62.66999816894531,96.58999633789062,853,2202570,103664,49.89655041694641
252,1.1057281494140625,1.0400004386901855,62.5,96.72999572753906,853,2202570,103664,49.94758367538452
253,1.0965162515640259,1.0297201871871948,62.88999938964844,96.66999816894531,853,2202570,103664,50.670469522476196
254,1.0972145795822144,1.0317003726959229,63.32999801635742,96.70999908447266,853,2202570,103664,49.95277643203735
255,1.0933542251586914,1.029435634613037,63.369998931884766,96.57999420166016,853,2202570,103664,49.99979209899902
256,1.0856380462646484,1.0205674171447754,63.459999084472656,96.72000122070312,853,2202570,105060,50.48414659500122
257,1.083016276359558,1.0160499811172485,63.87999725341797,96.69999694824219,853,2202570,105060,49.92865872383118
258,1.0812883377075195,1.0156103372573853,63.57999801635742,96.63999938964844,853,2202570,105060,49.93800973892212
259,1.07536780834198,1.0155775547027588,63.75,96.62999725341797,853,2202570,105060,50.51799464225769
260,1.0792018175125122,1.0115303993225098,63.87999725341797,96.6500015258789,853,2202570,105060,49.918532609939575
261,1.0845643281936646,1.0168516635894775,63.349998474121094,96.79999542236328,853,2202570,108213,49.917330265045166
262,1.0734280347824097,1.0117113590240479,63.709999084472656,96.90999603271484,853,2202570,108213,49.76630687713623
263,1.0737766027450562,1.0093326568603516,63.939998626708984,96.75,853,2202570,108213,49.83135938644409
264,1.0674329996109009,1.006981611251831,63.84000015258789,96.77999877929688,853,2202570,108213,49.82964730262756
265,1.0693529844284058,0.9991321563720703,63.88999938964844,96.88999938964844,853,2202570,108213,49.88282608985901
266,1.0628060102462769,1.0003756284713745,64.19999694824219,96.81999969482422,853,2202570,111851,50.170379638671875
267,1.066072702407837,0.9999801516532898,64.18999481201172,96.86000061035156,853,2202570,111851,50.19812083244324
268,1.063764214515686,0.9973450303077698,64.08000183105469,96.8499984741211,853,2202570,111851,50.78875279426575
269,1.0594706535339355,0.9996693134307861,64.02999877929688,96.8699951171875,853,2202570,111851,50.81930065155029
270,1.0565522909164429,0.998357892036438,64.0199966430664,96.9000015258789,853,2202570,111851,50.27703881263733
271,1.0571986436843872,0.9913766980171204,64.51000213623047,96.97000122070312,853,2202570,106505,50.580551862716675
272,1.055594563484192,0.9928373694419861,64.37999725341797,96.90999603271484,853,2202570,106505,51.15982365608215
273,1.0537618398666382,0.9927086234092712,64.43000030517578,96.90999603271484,853,2202570,106505,50.21147060394287
274,1.0520987510681152,0.9927037358283997,64.58999633789062,97.0,853,2202570,106505,51.15675234794617
275,1.0528067350387573,0.9878728985786438,64.97000122070312,96.95999908447266,853,2202570,106505,50.42127728462219
276,1.0566627979278564,0.9916777610778809,64.51000213623047,96.77999877929688,853,2202570,106366,50.57618570327759
277,1.0518333911895752,0.9838873744010925,64.97999572753906,96.94999694824219,853,2202570,106366,50.674004316329956
278,1.0485249757766724,0.9844112396240234,64.58999633789062,96.93999481201172,853,2202570,106366,50.59083843231201
279,1.047008991241455,0.9869047403335571,64.72999572753906,97.0,853,2202570,106366,50.64695620536804
280,1.0423158407211304,0.9825140237808228,64.80999755859375,97.0,853,2202570,106366,50.52553343772888
281,1.042404055595398,0.9800319671630859,65.05999755859375,97.04999542236328,853,2202570,105194,50.02657461166382
282,1.036381721496582,0.9788213968276978,64.88999938964844,97.0,853,2202570,105194,50.450742959976196
283,1.0400614738464355,0.9778544306755066,65.0199966430664,96.88999938964844,853,2202570,105194,50.48214340209961
284,1.034176230430603,0.9724677205085754,64.93000030517578,97.0,853,2202570,105194,50.78078770637512
285,1.030004858970642,0.9860584735870361,65.13999938964844,97.00999450683594,853,2202570,105194,50.834670543670654
286,1.1449774503707886,1.0674623250961304,61.87999725341797,96.43999481201172,853,2202570,114686,50.21343159675598
287,1.0733226537704468,1.0185500383377075,63.47999954223633,96.63999938964844,853,2202570,114686,50.18195104598999
288,1.0642023086547852,1.0002466440200806,64.15999603271484,96.9000015258789,853,2202570,114686,50.13344216346741
289,1.0503333806991577,1.0009512901306152,63.98999786376953,96.8499984741211,853,2202570,114686,50.2005341053009
290,1.0489848852157593,1.0049642324447632,64.22000122070312,96.82999420166016,853,2202570,114686,50.09746551513672
291,1.0455639362335205,0.9862597584724426,64.33000183105469,96.95999908447266,853,2202570,106366,50.584630250930786
292,1.040795922279358,0.9892587661743164,64.48999786376953,96.90999603271484,853,2202570,106366,50.60401010513306
293,1.038504719734192,0.9869546890258789,64.47000122070312,96.90999603271484,853,2202570,106366,50.560912132263184
294,1.036840558052063,0.9768786430358887,64.69999694824219,96.93000030517578,853,2202570,106366,50.361268043518066
295,1.0326576232910156,0.9747626185417175,64.66999816894531,97.00999450683594,853,2202570,106366,50.58827829360962
296,1.0332121849060059,0.9759119749069214,65.13999938964844,96.98999786376953,853,2202570,109045,50.02668642997742
297,1.0343652963638306,0.9837926030158997,64.51000213623047,97.0,853,2202570,109045,49.96585726737976
298,1.02558171749115,0.9695242047309875,65.36000061035156,96.98999786376953,853,2202570,109045,50.05765724182129
299,1.0275076627731323,0.968259871006012,64.97999572753906,97.02999877929688,853,2202570,109045,49.94573998451233
300,1.0232709646224976,0.9728826880455017,64.97000122070312,97.04000091552734,853,2202570,109045,50.00159978866577
